source,target
0,51
0,196
0,200
0,201
0,202
0,238
0,239
0,290
0,291
0,303
0,352
0,472
0,598
0,604
0,608
0,625
0,647
0,715
1,11
1,46
1,56
1,66
1,90
1,155
1,193
1,212
1,218
1,229
1,273
1,280
1,288
1,289
1,319
1,328
1,430
1,459
1,509
1,511
1,520
1,594
1,620
1,629
1,630
1,669
1,689
1,696
2,99
2,131
2,135
2,164
2,191
2,216
2,248
2,286
2,314
2,330
2,361
2,445
2,450
2,475
2,485
2,556
2,571
2,626
2,666
2,670
2,680
4,41
4,49
4,110
4,401
5,42
5,49
5,74
5,111
5,114
5,122
5,126
5,147
5,232
5,242
5,276
5,325
5,334
5,341
5,349
5,350
5,390
5,401
5,421
5,425
5,429
5,452
5,457
5,464
5,477
5,493
5,544
5,553
5,564
5,573
5,576
5,582
5,594
5,599
5,606
5,613
5,686
5,711
5,725
6,89
6,441
6,455
6,457
6,665
7,67
7,264
7,712
8,37
8,77
8,83
8,98
8,99
8,135
8,150
8,164
8,197
8,198
8,216
8,287
8,330
8,450
8,475
8,485
8,600
8,626
8,666
8,699
8,733
9,75
9,107
9,189
9,203
9,204
9,224
9,236
9,409
9,482
9,492
9,581
9,617
9,621
9,648
10,266
10,320
10,607
10,723
11,1
11,56
11,66
11,90
11,93
11,193
11,212
11,273
11,280
11,289
11,318
11,319
11,321
11,328
11,430
11,459
11,481
11,503
11,509
11,511
11,514
11,520
11,629
11,630
11,631
11,689
11,696
12,47
12,52
12,60
12,108
12,124
12,162
12,323
12,326
12,376
12,547
12,565
12,616
12,635
13,15
13,19
13,21
13,22
13,23
13,25
13,26
13,28
13,30
13,31
13,32
13,53
13,246
13,297
13,298
13,299
13,525
14,26
14,29
14,64
14,356
15,13
15,18
15,19
15,21
15,22
15,23
15,25
15,28
15,30
15,31
15,32
15,53
15,297
15,298
15,299
15,525
16,300
16,707
16,720
18,15
18,27
19,13
19,15
19,21
19,22
19,23
19,25
19,26
19,28
19,30
19,31
19,32
19,53
19,246
19,297
19,298
19,299
19,525
21,13
21,15
21,19
21,22
21,23
21,25
21,26
21,28
21,30
21,31
21,32
21,53
21,297
21,298
21,299
21,525
22,13
22,15
22,19
22,21
22,23
22,25
22,26
22,28
22,30
22,31
22,32
22,53
22,297
22,298
22,299
22,525
23,13
23,15
23,19
23,21
23,22
23,25
23,26
23,28
23,30
23,31
23,32
23,53
23,246
23,297
23,298
23,299
23,525
24,166
24,431
24,545
24,653
25,13
25,15
25,19
25,21
25,22
25,23
25,28
25,30
25,31
25,32
25,53
25,246
25,297
25,298
25,299
25,525
26,13
26,14
26,19
26,21
26,22
26,23
26,27
26,28
26,31
26,53
26,64
26,297
26,525
27,18
27,26
28,13
28,15
28,19
28,21
28,22
28,23
28,25
28,26
28,30
28,31
28,32
28,53
28,246
28,297
28,298
28,299
28,525
29,14
29,64
29,120
29,356
30,13
30,15
30,19
30,21
30,22
30,23
30,25
30,28
30,31
30,32
30,53
30,188
30,246
30,297
30,298
30,299
30,525
31,13
31,15
31,19
31,21
31,22
31,23
31,25
31,26
31,28
31,30
31,32
31,53
31,246
31,297
31,298
31,299
31,525
32,13
32,15
32,19
32,21
32,22
32,23
32,25
32,28
32,30
32,31
32,53
32,188
32,246
32,297
32,298
32,299
32,525
33,512
33,605
34,274
34,418
35,36
35,177
35,211
35,216
35,286
35,314
35,471
35,571
36,35
36,77
36,83
36,99
36,120
36,150
36,164
36,177
36,216
36,248
36,286
36,314
36,330
36,445
36,483
36,571
36,733
37,8
37,77
37,83
37,98
37,99
37,135
37,148
37,150
37,164
37,191
37,197
37,198
37,216
37,287
37,293
37,330
37,450
37,475
37,485
37,600
37,626
37,666
37,699
37,733
38,284
38,416
38,441
38,665
39,76
39,100
39,205
39,286
39,556
39,670
40,57
40,146
40,181
40,213
40,241
40,271
40,306
40,308
40,400
40,422
40,479
40,512
40,605
40,668
40,703
41,4
41,49
41,110
41,334
41,349
41,390
41,401
41,493
41,582
41,613
42,5
42,74
42,111
42,114
42,122
42,123
42,126
42,147
42,155
42,218
42,232
42,242
42,276
42,316
42,325
42,341
42,349
42,350
42,421
42,425
42,429
42,452
42,457
42,464
42,477
42,493
42,544
42,553
42,564
42,573
42,576
42,582
42,594
42,599
42,606
42,669
42,686
42,711
42,725
43,357
43,373
43,405
43,433
43,449
43,552
43,628
44,61
44,70
44,153
44,465
44,473
44,486
44,523
44,579
44,611
44,693
44,700
44,729
45,68
46,1
46,90
46,93
46,210
46,229
46,237
46,272
46,273
46,280
46,288
46,289
46,322
46,328
46,430
46,593
46,597
46,620
46,629
46,630
46,631
46,641
46,642
46,687
47,12
47,60
47,108
47,162
47,323
47,326
47,616
47,635
47,701
48,55
48,69
48,115
48,142
48,156
48,159
48,208
48,257
48,259
48,428
48,487
48,526
48,536
48,540
48,546
48,577
48,580
48,671
48,682
48,683
49,4
49,5
49,41
49,110
49,232
49,334
49,349
49,390
49,401
49,425
49,493
49,582
49,613
50,376
50,547
50,565
50,575
51,0
51,196
51,201
51,238
51,290
51,598
51,608
51,625
51,647
52,12
52,323
52,326
52,376
52,547
52,565
53,13
53,15
53,19
53,21
53,22
53,23
53,25
53,26
53,28
53,30
53,31
53,32
53,246
53,297
53,298
53,299
53,525
55,48
55,69
55,115
55,142
55,156
55,159
55,208
55,257
55,259
55,428
55,487
55,526
55,536
55,540
55,546
55,577
55,580
55,671
55,682
55,683
56,1
56,11
56,66
56,90
56,193
56,212
56,280
56,289
56,318
56,319
56,321
56,328
56,430
56,459
56,481
56,503
56,509
56,511
56,514
56,520
56,629
56,630
56,631
56,689
56,696
57,40
57,146
57,241
57,271
57,308
57,400
57,422
57,438
57,479
57,512
57,605
57,668
58,249
58,330
60,12
60,47
60,108
60,162
60,323
60,326
60,474
60,616
60,635
61,44
61,70
61,465
61,473
61,523
61,579
61,611
61,693
61,729
62,102
62,434
62,549
63,73
63,78
63,79
63,80
63,81
63,82
63,132
63,285
63,317
63,347
63,359
63,360
63,362
63,363
63,368
63,370
63,403
63,427
63,442
63,496
63,515
63,529
63,615
63,640
63,643
63,652
64,14
64,26
64,29
64,356
65,171
65,244
65,382
65,502
65,603
66,1
66,11
66,56
66,193
66,212
66,289
66,318
66,319
66,328
66,459
66,481
66,503
66,509
66,511
66,514
66,520
66,689
66,696
67,7
67,264
67,712
68,45
69,48
69,55
69,115
69,142
69,156
69,159
69,208
69,257
69,259
69,428
69,487
69,526
69,536
69,540
69,546
69,577
69,580
69,671
69,682
69,683
70,44
70,61
70,473
70,523
70,579
72,393
72,491
73,63
73,78
73,79
73,80
73,81
73,82
73,101
73,132
73,285
73,296
73,317
73,347
73,359
73,360
73,363
73,368
73,370
73,403
73,427
73,442
73,515
73,529
73,615
73,640
73,643
73,652
74,5
74,42
74,111
74,114
74,122
74,126
74,147
74,155
74,218
74,229
74,232
74,242
74,276
74,316
74,325
74,341
74,350
74,421
74,425
74,429
74,452
74,457
74,464
74,477
74,544
74,553
74,564
74,573
74,576
74,594
74,599
74,606
74,669
74,686
74,711
74,725
75,9
75,95
75,107
75,117
75,119
75,204
75,224
75,236
75,263
75,283
75,327
75,377
75,409
75,460
75,462
75,482
75,492
75,535
75,557
75,581
75,617
75,621
75,648
75,684
75,692
75,705
75,728
75,735
76,39
76,670
77,8
77,36
77,37
77,83
77,98
77,99
77,135
77,150
77,164
77,177
77,197
77,198
77,216
77,287
77,330
77,450
77,475
77,483
77,485
77,600
77,626
77,666
77,699
77,733
78,63
78,73
78,79
78,80
78,81
78,132
78,285
78,296
78,317
78,359
78,360
78,368
78,370
78,427
78,442
78,529
78,615
78,640
78,643
78,652
79,63
79,73
79,78
79,80
79,81
79,132
79,285
79,296
79,317
79,359
79,360
79,370
79,427
79,442
79,529
79,615
79,640
79,643
79,652
80,63
80,73
80,78
80,79
80,81
80,82
80,101
80,132
80,285
80,296
80,317
80,359
80,360
80,363
80,368
80,370
80,403
80,427
80,442
80,453
80,529
80,615
80,640
80,643
80,652
81,63
81,73
81,78
81,79
81,80
81,82
81,132
81,285
81,296
81,317
81,359
81,360
81,368
81,370
81,427
81,442
81,529
81,615
81,640
81,643
81,652
82,63
82,73
82,80
82,81
82,132
82,285
82,317
82,359
82,360
82,362
82,363
82,368
82,403
82,404
82,427
82,442
82,496
82,515
82,615
82,640
82,652
83,8
83,36
83,37
83,77
83,98
83,99
83,150
83,164
83,177
83,197
83,216
83,287
83,330
83,450
83,483
83,485
83,626
83,666
83,733
84,250
84,702
85,88
85,254
85,264
85,382
85,385
85,408
85,435
85,500
85,501
85,504
85,507
85,534
85,548
85,595
85,596
85,614
85,673
85,731
86,139
86,195
86,267
86,304
86,340
86,366
86,398
86,410
86,426
86,508
86,517
86,583
87,125
87,131
87,172
87,274
87,275
87,339
87,418
87,437
87,483
87,609
88,85
88,171
88,176
88,254
88,262
88,269
88,382
88,383
88,435
88,448
88,500
88,501
88,504
88,507
88,534
88,548
88,595
88,596
88,603
88,612
88,614
88,650
88,673
88,731
89,6
90,1
90,11
90,46
90,56
90,93
90,193
90,210
90,212
90,229
90,237
90,272
90,273
90,280
90,288
90,289
90,319
90,322
90,328
90,430
90,459
90,509
90,511
90,520
90,593
90,620
90,629
90,630
90,631
90,641
90,642
90,687
90,689
90,696
91,138
91,171
91,176
91,254
91,262
91,269
91,277
91,379
91,382
91,383
91,391
91,411
91,435
91,447
91,448
91,461
91,500
91,502
91,504
91,507
91,548
91,595
91,603
91,612
91,650
91,731
92,104
92,145
92,183
92,260
92,279
92,302
92,306
92,484
92,570
92,703
93,11
93,46
93,90
93,210
93,212
93,237
93,272
93,273
93,280
93,322
93,328
93,430
93,511
93,593
93,620
93,629
93,630
93,631
93,641
93,642
93,687
93,696
94,95
94,117
94,179
94,185
94,243
94,263
94,283
94,327
94,443
94,460
94,463
94,478
94,499
94,527
94,535
94,561
94,574
94,591
94,617
94,621
94,644
94,684
94,692
94,705
95,75
95,94
95,117
95,119
95,179
95,185
95,204
95,243
95,263
95,283
95,327
95,345
95,377
95,409
95,443
95,460
95,462
95,463
95,478
95,499
95,535
95,557
95,561
95,574
95,591
95,617
95,621
95,644
95,648
95,651
95,654
95,684
95,692
95,705
95,728
95,735
96,153
96,473
96,486
96,579
96,611
96,700
97,148
97,200
97,293
97,480
97,494
97,626
98,8
98,37
98,77
98,83
98,99
98,135
98,164
98,197
98,198
98,216
98,287
98,291
98,293
98,330
98,450
98,475
98,480
98,485
98,600
98,626
98,666
98,699
98,733
99,2
99,8
99,36
99,37
99,77
99,83
99,98
99,135
99,150
99,164
99,177
99,191
99,197
99,198
99,216
99,248
99,287
99,330
99,361
99,445
99,450
99,475
99,483
99,485
99,571
99,600
99,626
99,666
99,680
99,699
99,733
100,39
100,131
100,205
100,248
100,286
100,314
100,445
100,556
100,571
100,670
101,73
101,80
102,62
102,106
102,336
102,353
102,413
102,420
102,434
102,470
102,550
102,656
102,709
102,710
103,144
103,157
103,165
103,343
103,344
103,374
103,375
103,388
103,575
103,618
103,619
104,92
104,183
104,251
104,260
104,306
104,372
104,484
104,505
104,528
104,570
104,674
105,362
105,363
105,403
105,496
105,678
106,102
106,336
106,413
106,420
106,434
106,470
106,549
106,550
106,562
106,567
106,656
106,709
106,710
107,9
107,75
107,189
107,203
107,204
107,224
107,236
107,409
107,482
107,492
107,581
107,617
107,621
107,648
107,728
108,12
108,47
108,60
108,124
108,162
108,323
108,326
108,376
108,547
108,565
108,616
108,635
108,701
109,305
109,545
109,554
109,566
109,726
110,4
110,41
110,49
110,390
110,401
111,5
111,42
111,74
111,114
111,122
111,123
111,126
111,147
111,155
111,218
111,232
111,242
111,276
111,316
111,325
111,341
111,350
111,421
111,425
111,429
111,452
111,457
111,464
111,477
111,493
111,544
111,553
111,564
111,573
111,576
111,594
111,599
111,606
111,669
111,686
111,711
111,725
112,118
112,256
112,490
112,498
112,539
112,578
112,636
112,637
112,659
113,342
113,566
113,698
113,717
114,5
114,42
114,74
114,111
114,122
114,123
114,126
114,147
114,232
114,242
114,276
114,316
114,325
114,341
114,349
114,350
114,421
114,425
114,429
114,452
114,464
114,477
114,544
114,553
114,564
114,573
114,576
114,582
114,594
114,599
114,606
114,657
114,686
114,711
114,725
115,48
115,55
115,69
115,142
115,156
115,159
115,208
115,257
115,259
115,428
115,487
115,526
115,536
115,540
115,546
115,577
115,580
115,671
115,682
115,683
117,75
117,94
117,95
117,119
117,158
117,179
117,185
117,243
117,263
117,283
117,327
117,377
117,409
117,460
117,462
117,463
117,478
117,535
117,551
117,557
117,561
117,574
117,591
117,617
117,644
117,684
117,692
117,705
117,728
117,735
118,112
118,256
118,490
118,498
118,539
118,636
118,637
118,659
118,702
119,75
119,95
119,117
119,158
119,179
119,263
119,283
119,327
119,364
119,377
119,409
119,460
119,462
119,535
119,551
119,557
119,561
119,591
119,644
119,684
119,692
119,705
119,728
119,735
120,29
120,36
120,177
122,5
122,42
122,74
122,111
122,114
122,123
122,126
122,147
122,155
122,218
122,242
122,276
122,316
122,325
122,341
122,350
122,421
122,425
122,429
122,452
122,457
122,464
122,477
122,544
122,553
122,564
122,573
122,576
122,594
122,599
122,606
122,669
122,686
122,711
122,725
123,42
123,111
123,114
123,122
123,126
123,147
123,242
123,276
123,316
123,341
123,421
123,425
123,429
123,452
123,464
123,544
123,553
123,573
123,599
123,686
123,711
123,725
124,12
124,108
124,323
124,326
124,376
124,547
124,565
125,87
125,233
125,275
125,339
125,418
125,437
125,537
125,632
125,633
125,634
126,5
126,42
126,74
126,111
126,114
126,122
126,123
126,147
126,155
126,218
126,232
126,242
126,276
126,316
126,325
126,341
126,350
126,421
126,425
126,429
126,452
126,457
126,464
126,477
126,493
126,544
126,553
126,564
126,573
126,576
126,582
126,594
126,599
126,606
126,669
126,686
126,711
126,725
127,152
127,158
127,247
127,439
127,468
127,638
127,667
128,247
128,439
128,667
129,161
129,378
130,220
130,225
130,399
131,2
131,87
131,100
131,164
131,191
131,216
131,248
131,286
131,314
131,330
131,361
131,418
131,445
131,475
131,485
131,571
131,670
131,680
132,63
132,73
132,78
132,79
132,80
132,81
132,82
132,285
132,317
132,347
132,359
132,360
132,368
132,370
132,427
132,442
132,515
132,529
132,615
132,640
132,643
132,652
133,222
133,707
134,188
134,258
134,424
134,466
134,467
134,622
134,646
134,734
135,2
135,8
135,37
135,77
135,98
135,99
135,164
135,191
135,197
135,216
135,248
135,330
135,361
135,445
135,450
135,475
135,485
135,571
135,600
135,626
135,666
135,680
137,157
137,165
137,207
137,344
137,374
137,396
137,406
137,419
137,555
137,586
137,639
137,657
138,91
138,176
138,269
138,277
138,379
138,383
138,391
138,461
138,612
139,86
139,195
139,267
139,304
139,340
139,398
139,410
139,426
139,508
139,583
140,558
141,179
141,315
141,345
141,381
141,414
141,561
141,592
141,654
141,714
141,732
142,48
142,55
142,69
142,115
142,156
142,159
142,208
142,257
142,259
142,428
142,487
142,526
142,536
142,540
142,546
142,577
142,580
142,671
142,682
142,683
144,103
144,157
144,343
144,374
144,388
144,619
145,92
145,279
145,302
145,588
145,589
145,703
146,40
146,57
146,181
146,213
146,241
146,271
146,306
146,308
146,400
146,422
146,438
146,479
146,512
146,538
146,605
146,668
147,5
147,42
147,74
147,111
147,114
147,122
147,123
147,126
147,155
147,218
147,232
147,242
147,276
147,316
147,325
147,341
147,350
147,421
147,425
147,429
147,452
147,457
147,464
147,477
147,544
147,553
147,564
147,573
147,576
147,594
147,599
147,606
147,669
147,686
147,711
147,725
148,37
148,97
148,162
148,197
148,198
148,293
148,474
148,494
148,600
148,626
148,635
148,666
148,676
148,699
150,8
150,36
150,37
150,77
150,83
150,99
150,164
150,177
150,197
150,216
150,248
150,286
150,287
150,330
150,445
150,450
150,475
150,483
150,485
150,571
150,626
150,666
150,733
151,161
152,127
152,158
152,327
152,337
152,377
152,460
152,468
152,617
152,684
152,728
153,44
153,96
153,217
153,473
153,523
153,559
153,579
153,611
153,700
154,217
155,1
155,42
155,74
155,111
155,122
155,126
155,147
155,218
155,229
155,242
155,276
155,288
155,316
155,341
155,350
155,396
155,421
155,452
155,553
155,555
155,564
155,576
155,594
155,599
155,606
155,669
155,686
155,725
156,48
156,55
156,69
156,115
156,142
156,159
156,208
156,257
156,259
156,428
156,487
156,526
156,536
156,540
156,546
156,577
156,580
156,671
156,682
156,683
157,103
157,137
157,144
157,165
157,207
157,344
157,374
157,406
157,419
157,586
157,619
157,639
158,117
158,119
158,127
158,152
158,377
158,438
158,462
158,468
158,551
158,557
159,48
159,55
159,69
159,115
159,142
159,156
159,208
159,257
159,259
159,428
159,487
159,526
159,536
159,540
159,546
159,577
159,580
159,671
159,682
159,683
160,198
160,293
160,480
160,600
160,676
160,699
161,129
161,151
162,12
162,47
162,60
162,108
162,148
162,323
162,326
162,474
162,616
162,635
164,2
164,8
164,36
164,37
164,77
164,83
164,98
164,99
164,131
164,135
164,150
164,177
164,191
164,197
164,216
164,248
164,286
164,287
164,330
164,361
164,445
164,450
164,475
164,485
164,571
164,600
164,626
164,666
164,680
164,733
165,103
165,137
165,157
165,207
165,344
165,374
165,406
165,419
165,586
165,619
165,639
166,24
166,431
168,252
168,268
168,307
168,415
168,444
168,510
168,679
168,697
169,301
169,706
170,220
170,451
170,533
171,65
171,88
171,91
171,176
171,244
171,254
171,262
171,269
171,277
171,379
171,382
171,383
171,391
171,411
171,435
171,447
171,448
171,461
171,500
171,501
171,502
171,504
171,507
171,534
171,548
171,595
171,596
171,603
171,612
171,614
171,650
171,673
171,731
172,87
172,274
172,418
172,437
172,475
172,483
176,88
176,91
176,138
176,171
176,254
176,262
176,269
176,277
176,379
176,382
176,383
176,391
176,435
176,447
176,448
176,461
176,500
176,501
176,502
176,504
176,507
176,521
176,548
176,595
176,596
176,603
176,612
176,614
176,650
176,731
177,35
177,36
177,77
177,83
177,99
177,120
177,150
177,164
177,216
177,286
177,314
177,330
177,361
177,483
177,571
177,680
177,733
178,397
179,94
179,95
179,117
179,119
179,141
179,185
179,243
179,263
179,283
179,327
179,345
179,377
179,381
179,409
179,414
179,443
179,460
179,462
179,463
179,478
179,535
179,557
179,561
179,574
179,591
179,617
179,644
179,651
179,654
179,684
179,692
179,705
179,714
179,728
179,732
180,231
180,406
180,657
181,40
181,146
181,182
181,271
181,306
181,605
181,703
182,181
182,512
182,605
183,92
183,104
183,251
183,260
183,306
183,315
183,364
183,372
183,400
183,422
183,479
183,484
183,505
183,528
183,570
183,674
183,718
184,189
185,94
185,95
185,117
185,179
185,243
185,263
185,283
185,327
185,377
185,409
185,443
185,460
185,462
185,463
185,478
185,499
185,527
185,535
185,557
185,561
185,574
185,591
185,617
185,621
185,644
185,651
185,684
185,692
185,705
185,728
188,30
188,32
188,134
188,246
188,258
188,298
188,466
188,467
188,646
189,9
189,107
189,184
189,203
189,224
189,236
189,245
189,381
189,443
189,469
189,482
189,492
189,560
189,617
189,621
189,648
189,654
189,664
190,240
190,266
190,320
190,392
190,394
190,395
190,424
190,607
190,622
190,734
191,2
191,37
191,99
191,131
191,135
191,164
191,216
191,248
191,286
191,314
191,330
191,361
191,445
191,475
191,485
191,556
191,571
191,626
191,666
191,670
191,680
192,253
192,321
192,519
193,1
193,11
193,56
193,66
193,90
193,212
193,273
193,280
193,289
193,318
193,319
193,321
193,328
193,430
193,459
193,481
193,503
193,509
193,511
193,514
193,520
193,629
193,630
193,631
193,689
193,696
195,86
195,139
195,304
195,340
195,366
195,410
195,426
195,508
195,517
195,583
196,0
196,51
196,200
196,201
196,202
196,238
196,239
196,290
196,291
196,303
196,352
196,472
196,480
196,598
196,608
196,625
196,647
196,715
197,8
197,37
197,77
197,83
197,98
197,99
197,135
197,148
197,150
197,164
197,198
197,216
197,287
197,293
197,330
197,450
197,475
197,485
197,600
197,626
197,666
197,699
197,733
198,8
198,37
198,77
198,98
198,99
198,148
198,160
198,197
198,200
198,274
198,287
198,291
198,293
198,450
198,480
198,485
198,600
198,626
198,666
198,676
198,699
198,715
199,558
200,0
200,97
200,196
200,198
200,201
200,202
200,239
200,291
200,293
200,303
200,352
200,480
200,494
200,598
200,715
201,0
201,51
201,196
201,200
201,202
201,238
201,239
201,290
201,291
201,303
201,352
201,472
201,598
201,608
201,625
201,647
201,715
202,0
202,196
202,200
202,201
202,238
202,239
202,291
202,303
202,352
202,472
202,598
202,604
202,625
202,647
202,715
203,9
203,107
203,189
203,204
203,224
203,236
203,243
203,245
203,482
203,492
203,499
203,581
203,617
203,621
203,648
204,9
204,75
204,95
204,107
204,203
204,224
204,236
204,263
204,283
204,327
204,409
204,460
204,482
204,492
204,581
204,617
204,621
204,648
204,684
204,692
204,705
204,728
204,735
205,39
205,100
205,556
205,670
206,294
206,309
206,312
206,351
206,358
206,495
206,497
206,516
206,522
206,602
206,624
206,627
206,690
206,695
206,722
206,724
207,137
207,157
207,165
207,344
207,374
207,406
207,419
207,586
207,639
207,657
208,48
208,55
208,69
208,115
208,142
208,156
208,159
208,257
208,259
208,428
208,487
208,526
208,536
208,540
208,546
208,577
208,580
208,671
208,682
208,683
210,46
210,90
210,93
210,237
210,272
210,273
210,280
210,289
210,322
210,430
210,593
210,597
210,620
210,629
210,630
210,631
210,641
210,642
210,687
211,35
211,286
211,314
211,471
211,556
211,571
211,670
212,1
212,11
212,56
212,66
212,90
212,93
212,193
212,280
212,289
212,318
212,319
212,321
212,328
212,430
212,459
212,481
212,503
212,509
212,511
212,514
212,520
212,629
212,630
212,631
212,689
212,696
213,40
213,146
213,241
213,271
213,306
213,308
213,479
213,668
216,2
216,8
216,35
216,36
216,37
216,77
216,83
216,98
216,99
216,131
216,135
216,150
216,164
216,177
216,191
216,197
216,248
216,286
216,287
216,314
216,330
216,361
216,445
216,450
216,475
216,483
216,485
216,571
216,626
216,666
216,680
216,733
217,153
217,154
217,473
217,523
217,559
217,579
217,700
218,1
218,42
218,74
218,111
218,122
218,126
218,147
218,155
218,229
218,242
218,276
218,341
218,350
218,396
218,421
218,452
218,553
218,564
218,576
218,594
218,599
218,606
218,669
218,686
218,725
219,295
219,472
219,604
220,130
220,170
220,225
220,451
221,268
221,307
221,373
221,415
221,433
221,552
222,133
222,378
222,707
224,9
224,75
224,107
224,189
224,203
224,204
224,236
224,327
224,409
224,482
224,492
224,581
224,617
224,621
224,648
224,728
224,735
225,130
225,220
225,634
227,569
229,1
229,46
229,74
229,90
229,155
229,218
229,273
229,280
229,288
229,289
229,328
229,396
229,564
229,593
229,594
229,620
229,629
229,669
230,439
230,719
231,180
231,406
232,5
232,42
232,49
232,74
232,111
232,114
232,126
232,147
232,242
232,276
232,325
232,334
232,341
232,349
232,350
232,390
232,401
232,421
232,425
232,429
232,452
232,457
232,464
232,477
232,493
232,544
232,553
232,564
232,573
232,576
232,582
232,599
232,606
232,613
232,686
232,711
232,725
233,125
233,275
233,339
233,537
233,632
233,634
234,426
234,662
236,9
236,75
236,107
236,189
236,203
236,204
236,224
236,409
236,482
236,492
236,581
236,617
236,621
236,648
236,728
237,46
237,90
237,93
237,210
237,272
237,273
237,280
237,289
237,322
237,430
237,593
237,597
237,620
237,629
237,630
237,631
237,641
237,642
237,687
238,0
238,51
238,196
238,201
238,202
238,239
238,290
238,291
238,303
238,352
238,472
238,598
238,608
238,625
238,647
238,715
239,0
239,196
239,200
239,201
239,202
239,238
239,290
239,291
239,303
239,352
239,472
239,598
239,604
239,625
239,647
239,715
240,190
240,266
240,320
240,392
240,394
240,395
240,424
240,466
240,467
240,607
240,622
240,646
240,723
240,734
241,40
241,57
241,146
241,213
241,271
241,306
241,308
241,400
241,422
241,438
241,479
241,512
241,605
241,668
242,5
242,42
242,74
242,111
242,114
242,122
242,123
242,126
242,147
242,155
242,218
242,232
242,276
242,316
242,325
242,341
242,349
242,350
242,421
242,425
242,429
242,452
242,457
242,464
242,477
242,493
242,544
242,553
242,564
242,573
242,576
242,582
242,594
242,599
242,606
242,669
242,686
242,711
242,725
243,94
243,95
243,117
243,179
243,185
243,203
243,263
243,283
243,327
243,443
243,460
243,463
243,469
243,478
243,499
243,527
243,535
243,561
243,574
243,591
243,617
243,621
243,644
243,654
243,684
243,692
243,705
244,65
244,171
244,254
244,262
244,269
244,277
244,379
244,382
244,383
244,435
244,447
244,448
244,500
244,502
244,504
244,507
244,548
244,596
244,603
244,612
244,614
244,650
245,189
245,203
245,469
245,499
245,527
245,560
245,672
245,721
246,13
246,19
246,23
246,25
246,28
246,30
246,31
246,32
246,53
246,188
246,258
246,297
246,298
246,299
246,646
246,730
247,127
247,128
247,439
247,667
248,2
248,36
248,99
248,100
248,131
248,135
248,150
248,164
248,191
248,216
248,286
248,314
248,330
248,361
248,445
248,475
248,485
248,556
248,571
248,626
248,670
248,680
249,58
249,330
250,84
250,702
251,104
251,183
251,260
251,315
251,372
251,484
251,505
251,528
251,570
251,674
251,718
252,168
252,268
252,307
252,415
252,444
252,510
252,552
252,691
252,697
253,192
254,85
254,88
254,91
254,171
254,176
254,244
254,262
254,269
254,277
254,382
254,383
254,385
254,408
254,411
254,435
254,447
254,448
254,500
254,501
254,502
254,504
254,507
254,534
254,548
254,595
254,596
254,603
254,612
254,614
254,650
254,673
254,731
255,313
255,331
255,346
255,347
255,348
255,367
255,369
255,380
255,402
255,476
255,727
256,112
256,118
256,498
256,539
256,636
256,637
256,659
256,702
257,48
257,55
257,69
257,115
257,142
257,156
257,159
257,208
257,259
257,428
257,487
257,526
257,536
257,540
257,546
257,577
257,580
257,671
257,682
257,683
258,134
258,188
258,246
258,466
258,467
258,646
258,730
258,734
259,48
259,55
259,69
259,115
259,142
259,156
259,159
259,208
259,257
259,428
259,487
259,526
259,536
259,540
259,546
259,577
259,580
259,671
259,682
259,683
260,92
260,104
260,183
260,251
260,302
260,306
260,372
260,479
260,484
260,505
260,528
260,570
260,674
260,718
261,578
261,658
261,694
262,88
262,91
262,171
262,176
262,244
262,254
262,269
262,277
262,379
262,382
262,383
262,391
262,411
262,435
262,447
262,448
262,461
262,500
262,501
262,502
262,504
262,507
262,534
262,548
262,595
262,596
262,603
262,612
262,614
262,650
262,673
262,731
263,75
263,94
263,95
263,117
263,119
263,179
263,185
263,204
263,243
263,283
263,327
263,345
263,377
263,409
263,443
263,460
263,462
263,463
263,478
263,535
263,557
263,561
263,574
263,591
263,617
263,621
263,644
263,651
263,684
263,692
263,705
263,728
263,735
264,7
264,67
264,85
264,385
264,408
264,534
264,712
265,661
265,704
266,10
266,190
266,240
266,320
266,392
266,394
266,395
266,424
266,607
266,622
266,734
267,86
267,139
267,304
267,311
267,332
267,410
268,168
268,221
268,252
268,307
268,373
268,415
268,444
268,510
268,552
268,679
268,697
269,88
269,91
269,138
269,171
269,176
269,244
269,254
269,262
269,277
269,379
269,382
269,383
269,391
269,411
269,435
269,447
269,448
269,461
269,500
269,501
269,502
269,504
269,507
269,534
269,548
269,595
269,596
269,603
269,612
269,614
269,650
269,673
269,731
271,40
271,57
271,146
271,181
271,213
271,241
271,306
271,308
271,400
271,422
271,479
271,512
271,605
271,668
271,703
272,46
272,90
272,93
272,210
272,237
272,273
272,280
272,288
272,289
272,322
272,328
272,430
272,593
272,597
272,620
272,629
272,630
272,631
272,641
272,642
272,687
273,1
273,11
273,46
273,90
273,93
273,193
273,210
273,229
273,237
273,272
273,280
273,288
273,289
273,322
273,328
273,430
273,509
273,593
273,597
273,620
273,629
273,630
273,631
273,641
273,642
273,687
274,34
274,87
274,172
274,198
274,293
274,418
274,437
274,609
274,699
275,87
275,125
275,233
275,339
275,418
275,437
275,537
275,609
275,632
275,634
276,5
276,42
276,74
276,111
276,114
276,122
276,123
276,126
276,147
276,155
276,218
276,232
276,242
276,316
276,325
276,341
276,349
276,350
276,421
276,425
276,429
276,452
276,457
276,464
276,477
276,493
276,544
276,553
276,564
276,573
276,576
276,582
276,594
276,599
276,606
276,669
276,686
276,711
276,725
277,91
277,138
277,171
277,176
277,244
277,254
277,262
277,269
277,379
277,382
277,383
277,391
277,411
277,435
277,447
277,448
277,461
277,500
277,501
277,502
277,504
277,507
277,521
277,548
277,595
277,596
277,603
277,612
277,614
277,650
277,731
278,398
278,517
279,92
279,145
279,302
279,389
279,570
279,588
279,589
279,703
280,1
280,11
280,46
280,56
280,90
280,93
280,193
280,210
280,212
280,229
280,237
280,272
280,273
280,288
280,289
280,322
280,328
280,430
280,509
280,511
280,593
280,620
280,629
280,630
280,631
280,641
280,642
280,687
280,696
283,75
283,94
283,95
283,117
283,119
283,179
283,185
283,204
283,243
283,263
283,327
283,345
283,377
283,409
283,460
283,462
283,463
283,478
283,535
283,551
283,557
283,561
283,574
283,591
283,617
283,621
283,644
283,684
283,692
283,705
283,728
283,735
284,38
284,416
285,63
285,73
285,78
285,79
285,80
285,81
285,82
285,132
285,296
285,317
285,347
285,359
285,360
285,368
285,370
285,427
285,442
285,515
285,529
285,615
285,640
285,643
285,652
286,2
286,35
286,36
286,39
286,100
286,131
286,150
286,164
286,177
286,191
286,211
286,216
286,248
286,314
286,330
286,361
286,445
286,471
286,475
286,485
286,556
286,571
286,670
286,680
287,8
287,37
287,77
287,83
287,98
287,99
287,150
287,164
287,197
287,198
287,216
287,330
287,450
287,485
287,600
287,626
287,666
287,733
288,1
288,46
288,90
288,155
288,229
288,272
288,273
288,280
288,289
288,593
288,620
288,629
288,641
288,642
289,1
289,11
289,46
289,56
289,66
289,90
289,193
289,210
289,212
289,229
289,237
289,272
289,273
289,280
289,288
289,319
289,322
289,328
289,430
289,459
289,481
289,509
289,511
289,593
289,620
289,629
289,630
289,631
289,641
289,642
289,687
289,689
289,696
290,0
290,51
290,196
290,201
290,238
290,239
290,291
290,303
290,598
290,608
290,625
290,647
291,0
291,98
291,196
291,198
291,200
291,201
291,202
291,238
291,239
291,290
291,293
291,303
291,352
291,480
291,598
291,600
291,625
291,647
291,715
292,309
292,324
292,358
292,627
292,690
292,724
293,37
293,97
293,98
293,148
293,160
293,197
293,198
293,200
293,274
293,291
293,474
293,480
293,494
293,600
293,626
293,676
293,699
293,715
294,206
294,312
294,495
294,497
294,516
294,522
294,602
294,624
294,627
294,690
294,695
295,219
295,472
295,604
296,73
296,78
296,79
296,80
296,81
296,285
296,359
296,370
296,442
296,529
296,615
296,640
296,643
296,652
297,13
297,15
297,19
297,21
297,22
297,23
297,25
297,26
297,28
297,30
297,31
297,32
297,53
297,246
297,298
297,299
297,525
298,13
298,15
298,19
298,21
298,22
298,23
298,25
298,28
298,30
298,31
298,32
298,53
298,188
298,246
298,297
298,299
298,525
299,13
299,15
299,19
299,21
299,22
299,23
299,25
299,28
299,30
299,31
299,32
299,53
299,246
299,297
299,298
299,525
300,16
300,720
301,169
302,92
302,145
302,260
302,279
302,570
302,588
302,589
302,703
303,0
303,196
303,200
303,201
303,202
303,238
303,239
303,290
303,291
303,352
303,472
303,480
303,598
303,604
303,625
303,647
303,715
304,86
304,139
304,195
304,267
304,340
304,410
304,426
304,508
304,583
305,109
305,726
306,40
306,92
306,104
306,146
306,181
306,183
306,213
306,241
306,260
306,271
306,308
306,400
306,422
306,479
306,484
306,570
306,605
306,668
306,703
307,168
307,221
307,252
307,268
307,415
307,510
307,552
307,679
308,40
308,57
308,146
308,213
308,241
308,271
308,306
308,400
308,422
308,438
308,479
308,512
308,605
308,668
309,206
309,292
309,324
309,351
309,358
309,495
309,497
309,522
309,602
309,624
309,627
309,690
309,722
309,724
311,267
311,332
311,583
312,206
312,294
312,495
312,497
312,516
312,522
312,602
312,624
312,627
312,690
312,695
312,724
313,255
313,331
313,346
313,347
313,348
313,367
313,369
313,380
313,402
313,404
313,476
313,649
313,727
314,2
314,35
314,36
314,100
314,131
314,177
314,191
314,211
314,216
314,248
314,286
314,361
314,445
314,471
314,475
314,556
314,571
314,670
314,680
315,141
315,183
315,251
315,364
315,372
315,479
315,484
315,505
315,528
315,674
315,718
316,42
316,74
316,111
316,114
316,122
316,123
316,126
316,147
316,155
316,242
316,276
316,325
316,341
316,350
316,421
316,425
316,429
316,452
316,457
316,464
316,544
316,553
316,564
316,573
316,576
316,594
316,599
316,606
316,669
316,686
316,711
316,725
317,63
317,73
317,78
317,79
317,80
317,81
317,82
317,132
317,285
317,347
317,359
317,360
317,363
317,368
317,370
317,380
317,402
317,403
317,404
317,427
317,442
317,515
317,529
317,615
317,640
317,643
317,652
318,11
318,56
318,66
318,193
318,212
318,319
318,321
318,459
318,481
318,503
318,509
318,511
318,514
318,519
318,520
318,630
318,689
318,696
319,1
319,11
319,56
319,66
319,90
319,193
319,212
319,289
319,318
319,328
319,459
319,481
319,503
319,509
319,511
319,514
319,520
319,689
319,696
320,10
320,190
320,240
320,266
320,392
320,394
320,395
320,424
320,607
320,622
320,723
320,734
321,11
321,56
321,192
321,193
321,212
321,318
321,459
321,481
321,503
321,511
321,514
321,519
321,520
321,630
321,696
322,46
322,90
322,93
322,210
322,237
322,272
322,273
322,280
322,289
322,430
322,593
322,597
322,620
322,629
322,630
322,631
322,641
322,642
322,687
322,696
323,12
323,47
323,52
323,60
323,108
323,124
323,162
323,326
323,474
323,547
323,565
323,616
323,635
323,701
324,292
324,309
324,358
324,627
324,690
324,724
325,5
325,42
325,74
325,111
325,114
325,122
325,126
325,147
325,232
325,242
325,276
325,316
325,334
325,341
325,349
325,350
325,421
325,425
325,429
325,452
325,457
325,464
325,477
325,493
325,544
325,553
325,564
325,573
325,576
325,582
325,594
325,599
325,606
325,613
325,669
325,686
325,711
325,725
326,12
326,47
326,52
326,60
326,108
326,124
326,162
326,323
326,376
326,547
326,565
326,616
326,635
327,75
327,94
327,95
327,117
327,119
327,152
327,179
327,185
327,204
327,224
327,243
327,263
327,283
327,345
327,377
327,409
327,443
327,460
327,462
327,463
327,478
327,499
327,535
327,557
327,561
327,574
327,591
327,617
327,621
327,644
327,648
327,654
327,684
327,692
327,705
327,728
327,735
328,1
328,11
328,46
328,56
328,66
328,90
328,93
328,193
328,212
328,229
328,272
328,273
328,280
328,289
328,319
328,430
328,459
328,503
328,509
328,511
328,514
328,520
328,620
328,629
328,630
328,631
328,641
328,642
328,689
328,696
329,488
329,610
330,2
330,8
330,36
330,37
330,58
330,77
330,83
330,98
330,99
330,131
330,135
330,150
330,164
330,177
330,191
330,197
330,216
330,248
330,249
330,286
330,287
330,361
330,445
330,450
330,475
330,485
330,571
330,600
330,626
330,666
330,680
330,733
331,255
331,313
331,346
331,347
331,348
331,367
331,369
331,380
331,402
331,404
331,476
331,649
331,727
332,267
332,311
334,5
334,41
334,49
334,232
334,325
334,341
334,349
334,390
334,401
334,425
334,464
334,477
334,493
334,544
334,573
334,576
334,582
334,599
334,606
334,613
334,686
334,711
335,543
336,102
336,106
336,353
336,413
336,420
336,470
336,550
336,656
336,709
336,710
337,152
339,87
339,125
339,233
339,275
339,418
339,437
339,537
339,609
339,634
340,86
340,139
340,195
340,304
340,366
340,410
340,426
340,508
340,517
340,583
341,5
341,42
341,74
341,111
341,114
341,122
341,123
341,126
341,147
341,155
341,218
341,232
341,242
341,276
341,316
341,325
341,334
341,349
341,350
341,421
341,425
341,429
341,452
341,457
341,464
341,477
341,493
341,544
341,553
341,564
341,573
341,576
341,582
341,594
341,599
341,606
341,669
341,686
341,711
341,725
342,113
342,717
343,103
343,144
343,374
343,375
343,376
343,388
343,575
343,618
343,619
344,103
344,137
344,157
344,165
344,207
344,374
344,406
344,419
344,586
344,619
344,639
345,95
345,141
345,179
345,263
345,283
345,327
345,377
345,381
345,414
345,443
345,460
345,462
345,463
345,478
345,535
345,557
345,561
345,574
345,591
345,644
345,651
345,654
345,664
345,684
345,714
345,728
345,732
346,255
346,313
346,331
346,348
346,367
346,369
346,402
346,404
346,476
346,649
347,63
347,73
347,132
347,255
347,285
347,313
347,317
347,331
347,348
347,360
347,368
347,369
347,380
347,402
347,403
347,404
347,515
347,727
348,255
348,313
348,331
348,346
348,347
348,367
348,369
348,380
348,402
348,404
348,649
348,727
349,5
349,41
349,42
349,49
349,114
349,232
349,242
349,276
349,325
349,334
349,341
349,390
349,401
349,425
349,429
349,452
349,464
349,477
349,493
349,544
349,573
349,576
349,582
349,599
349,606
349,613
349,657
349,686
349,711
349,725
350,5
350,42
350,74
350,111
350,114
350,122
350,126
350,147
350,155
350,218
350,232
350,242
350,276
350,316
350,325
350,341
350,421
350,425
350,429
350,452
350,464
350,477
350,493
350,544
350,553
350,564
350,573
350,576
350,582
350,594
350,599
350,606
350,669
350,686
350,711
350,725
351,206
351,309
351,495
351,497
351,516
351,521
351,522
351,602
351,624
351,627
351,690
351,722
351,724
352,0
352,196
352,200
352,201
352,202
352,238
352,239
352,291
352,303
352,472
352,480
352,598
352,625
352,647
352,715
353,102
353,336
353,413
356,14
356,29
356,64
357,43
357,373
357,405
357,415
357,449
357,552
357,628
358,206
358,292
358,309
358,324
358,495
358,497
358,522
358,602
358,624
358,627
358,690
358,722
358,724
359,63
359,73
359,78
359,79
359,80
359,81
359,82
359,132
359,285
359,296
359,317
359,360
359,368
359,370
359,427
359,442
359,529
359,615
359,640
359,643
359,652
360,63
360,73
360,78
360,79
360,80
360,81
360,82
360,132
360,285
360,317
360,347
360,359
360,368
360,370
360,427
360,442
360,515
360,529
360,615
360,640
360,643
360,652
361,2
361,99
361,131
361,135
361,164
361,177
361,191
361,216
361,248
361,286
361,314
361,330
361,445
361,450
361,475
361,485
361,556
361,571
361,626
361,666
361,670
361,680
362,63
362,82
362,105
362,363
362,368
362,403
362,404
362,427
362,496
363,63
363,73
363,80
363,82
363,105
363,317
363,362
363,368
363,403
363,404
363,427
363,496
364,119
364,183
364,315
364,372
364,377
364,438
364,479
364,484
364,505
364,528
364,551
364,557
364,674
364,718
364,728
366,86
366,195
366,340
366,426
366,508
366,583
367,255
367,313
367,331
367,346
367,348
367,369
367,371
367,380
367,402
367,404
367,476
367,649
367,727
368,63
368,73
368,78
368,80
368,81
368,82
368,132
368,285
368,317
368,347
368,359
368,360
368,362
368,363
368,370
368,380
368,402
368,403
368,404
368,427
368,442
368,496
368,515
368,529
368,615
368,640
368,643
368,652
369,255
369,313
369,331
369,346
369,347
369,348
369,367
369,380
369,402
369,404
369,476
369,649
369,727
370,63
370,73
370,78
370,79
370,80
370,81
370,132
370,285
370,296
370,317
370,359
370,360
370,368
370,442
370,529
370,615
370,640
370,643
370,652
371,367
372,104
372,183
372,251
372,260
372,315
372,364
372,400
372,422
372,438
372,479
372,484
372,505
372,528
372,551
372,674
372,718
373,43
373,221
373,268
373,357
373,405
373,415
373,433
373,449
373,552
373,563
373,628
374,103
374,137
374,144
374,157
374,165
374,207
374,343
374,344
374,388
374,406
374,419
374,586
374,619
374,639
375,103
375,343
375,376
375,388
375,575
375,618
375,619
376,12
376,50
376,52
376,108
376,124
376,326
376,343
376,375
376,388
376,547
376,565
376,575
376,618
377,75
377,95
377,117
377,119
377,152
377,158
377,179
377,185
377,263
377,283
377,327
377,345
377,364
377,409
377,460
377,462
377,463
377,535
377,551
377,557
377,561
377,574
377,591
377,617
377,644
377,648
377,684
377,692
377,705
377,728
377,735
378,129
378,222
378,707
379,91
379,138
379,171
379,176
379,244
379,262
379,269
379,277
379,382
379,383
379,391
379,411
379,435
379,447
379,448
379,461
379,500
379,502
379,504
379,507
379,548
379,595
379,596
379,603
379,612
379,650
379,731
380,255
380,313
380,317
380,331
380,347
380,348
380,367
380,368
380,369
380,402
380,404
380,515
380,529
380,727
381,141
381,179
381,189
381,345
381,414
381,443
381,469
381,560
381,561
381,574
381,591
381,654
381,664
381,714
381,732
382,65
382,85
382,88
382,91
382,171
382,176
382,244
382,254
382,262
382,269
382,277
382,379
382,383
382,391
382,408
382,411
382,435
382,447
382,448
382,461
382,500
382,501
382,502
382,504
382,507
382,534
382,548
382,595
382,596
382,603
382,612
382,614
382,650
382,673
382,731
383,88
383,91
383,138
383,171
383,176
383,244
383,254
383,262
383,269
383,277
383,379
383,382
383,391
383,411
383,435
383,447
383,448
383,461
383,500
383,502
383,504
383,507
383,548
383,595
383,596
383,603
383,612
383,614
383,650
383,731
384,562
385,85
385,254
385,264
385,408
385,501
385,534
385,673
386,518
388,103
388,144
388,343
388,374
388,375
388,376
388,575
388,618
388,619
389,279
389,570
389,588
389,589
390,5
390,41
390,49
390,110
390,232
390,334
390,349
390,401
390,425
390,493
390,582
390,613
391,91
391,138
391,171
391,176
391,262
391,269
391,277
391,379
391,382
391,383
391,435
391,447
391,448
391,461
391,500
391,502
391,504
391,507
391,521
391,548
391,595
391,596
391,603
391,612
391,650
392,190
392,240
392,266
392,320
392,394
392,395
392,424
392,607
392,622
392,723
392,734
393,72
393,491
394,190
394,240
394,266
394,320
394,392
394,395
394,424
394,467
394,607
394,622
394,734
395,190
395,240
395,266
395,320
395,392
395,394
395,424
395,467
395,607
395,622
395,646
395,723
395,734
396,137
396,155
396,218
396,229
396,555
396,594
396,669
397,178
398,86
398,139
398,278
399,130
399,490
400,40
400,57
400,146
400,183
400,241
400,271
400,306
400,308
400,372
400,422
400,438
400,479
400,512
400,605
400,668
401,4
401,5
401,41
401,49
401,110
401,232
401,334
401,349
401,390
401,493
401,582
401,613
402,255
402,313
402,317
402,331
402,346
402,347
402,348
402,367
402,368
402,369
402,380
402,403
402,404
402,515
402,649
402,727
403,63
403,73
403,80
403,82
403,105
403,317
403,347
403,362
403,363
403,368
403,402
403,404
403,427
403,496
403,515
404,82
404,313
404,317
404,331
404,346
404,347
404,348
404,362
404,363
404,367
404,368
404,369
404,380
404,402
404,403
404,427
404,496
404,515
404,649
405,43
405,357
405,373
405,433
405,449
405,552
405,628
406,137
406,157
406,165
406,180
406,207
406,231
406,344
406,374
406,419
406,586
406,657
408,85
408,254
408,264
408,382
408,385
408,435
408,500
408,501
408,504
408,507
408,534
408,548
408,595
408,596
408,614
408,673
408,712
409,9
409,75
409,95
409,107
409,117
409,119
409,179
409,185
409,204
409,224
409,236
409,263
409,283
409,327
409,377
409,460
409,462
409,463
409,482
409,492
409,535
409,557
409,561
409,574
409,581
409,591
409,617
409,621
409,644
409,648
409,684
409,692
409,705
409,728
409,735
410,86
410,139
410,195
410,267
410,304
410,340
410,426
410,508
410,583
411,91
411,171
411,254
411,262
411,269
411,277
411,379
411,382
411,383
411,448
411,461
411,500
411,548
411,595
411,603
411,612
411,650
411,673
411,731
412,655
413,102
413,106
413,336
413,353
413,420
413,434
413,470
413,550
413,562
413,656
413,709
413,710
414,141
414,179
414,345
414,381
414,443
414,460
414,560
414,561
414,574
414,592
414,654
414,664
414,714
414,732
415,168
415,221
415,252
415,268
415,307
415,357
415,373
415,433
415,444
415,449
415,510
415,552
415,563
415,628
415,697
416,38
416,284
416,441
416,533
418,34
418,87
418,125
418,131
418,172
418,274
418,275
418,339
418,437
418,483
419,137
419,157
419,165
419,207
419,344
419,374
419,406
419,555
419,586
419,619
419,639
420,102
420,106
420,336
420,413
420,434
420,470
420,549
420,550
420,656
420,709
420,710
421,5
421,42
421,74
421,111
421,114
421,122
421,123
421,126
421,147
421,155
421,218
421,232
421,242
421,276
421,316
421,325
421,341
421,350
421,425
421,429
421,452
421,464
421,477
421,544
421,553
421,564
421,573
421,576
421,594
421,599
421,606
421,669
421,686
421,711
421,725
422,40
422,57
422,146
422,183
422,241
422,271
422,306
422,308
422,372
422,400
422,438
422,479
422,668
424,134
424,190
424,240
424,266
424,320
424,392
424,394
424,395
424,466
424,467
424,622
424,646
424,723
424,734
425,5
425,42
425,49
425,74
425,111
425,114
425,122
425,123
425,126
425,147
425,232
425,242
425,276
425,316
425,325
425,334
425,341
425,349
425,350
425,390
425,421
425,429
425,452
425,457
425,464
425,477
425,493
425,544
425,553
425,564
425,573
425,576
425,582
425,599
425,606
425,613
425,657
425,686
425,711
425,725
426,86
426,139
426,195
426,234
426,304
426,340
426,366
426,410
426,508
426,583
426,662
427,63
427,73
427,78
427,79
427,80
427,81
427,82
427,132
427,285
427,317
427,359
427,360
427,362
427,363
427,368
427,403
427,404
427,442
427,496
427,515
427,529
427,615
427,640
427,643
427,652
428,48
428,55
428,69
428,115
428,142
428,156
428,159
428,208
428,257
428,259
428,487
428,526
428,536
428,540
428,546
428,577
428,580
428,671
428,682
428,683
429,5
429,42
429,74
429,111
429,114
429,122
429,123
429,126
429,147
429,232
429,242
429,276
429,316
429,325
429,341
429,349
429,350
429,421
429,425
429,452
429,457
429,464
429,477
429,544
429,553
429,564
429,573
429,576
429,582
429,594
429,599
429,606
429,657
429,669
429,686
429,711
429,725
430,1
430,11
430,46
430,56
430,90
430,93
430,193
430,210
430,212
430,237
430,272
430,273
430,280
430,289
430,322
430,328
430,459
430,509
430,511
430,593
430,620
430,629
430,630
430,631
430,641
430,642
430,687
430,696
431,24
431,166
431,653
432,491
432,601
432,602
433,43
433,221
433,373
433,405
433,415
433,449
433,552
433,628
434,62
434,102
434,106
434,413
434,420
434,542
434,549
434,550
434,656
434,710
435,85
435,88
435,91
435,171
435,176
435,244
435,254
435,262
435,269
435,277
435,379
435,382
435,383
435,391
435,408
435,447
435,448
435,500
435,501
435,502
435,504
435,507
435,534
435,548
435,595
435,596
435,603
435,612
435,614
435,650
435,673
435,731
436,468
437,87
437,125
437,172
437,274
437,275
437,339
437,418
437,483
437,609
438,57
438,146
438,158
438,241
438,308
438,364
438,372
438,400
438,422
438,479
438,551
438,557
438,668
438,718
439,127
439,128
439,230
439,247
439,506
439,719
441,6
441,38
441,416
441,455
441,533
441,665
442,63
442,73
442,78
442,79
442,80
442,81
442,82
442,132
442,285
442,296
442,317
442,359
442,360
442,368
442,370
442,427
442,529
442,615
442,640
442,643
442,652
443,94
443,95
443,179
443,185
443,189
443,243
443,263
443,327
443,345
443,381
443,414
443,460
443,462
443,463
443,469
443,478
443,527
443,535
443,560
443,561
443,574
443,591
443,617
443,644
443,654
443,664
443,684
443,705
443,714
443,732
444,168
444,252
444,268
444,415
444,691
445,2
445,36
445,99
445,100
445,131
445,135
445,150
445,164
445,191
445,216
445,248
445,286
445,314
445,330
445,361
445,475
445,485
445,556
445,571
445,626
445,670
445,680
446,532
446,675
447,91
447,171
447,176
447,244
447,254
447,262
447,269
447,277
447,379
447,382
447,383
447,391
447,435
447,448
447,461
447,500
447,501
447,502
447,504
447,507
447,534
447,548
447,595
447,596
447,603
447,612
447,614
447,650
448,88
448,91
448,171
448,176
448,244
448,254
448,262
448,269
448,277
448,379
448,382
448,383
448,391
448,411
448,435
448,447
448,461
448,500
448,501
448,502
448,504
448,507
448,534
448,548
448,595
448,596
448,603
448,612
448,614
448,650
448,673
448,731
449,43
449,357
449,373
449,405
449,415
449,433
449,552
449,563
449,628
450,2
450,8
450,37
450,77
450,83
450,98
450,99
450,135
450,150
450,164
450,197
450,198
450,216
450,287
450,330
450,361
450,475
450,485
450,600
450,626
450,666
450,699
450,733
451,170
451,220
452,5
452,42
452,74
452,111
452,114
452,122
452,123
452,126
452,147
452,155
452,218
452,232
452,242
452,276
452,316
452,325
452,341
452,349
452,350
452,421
452,425
452,429
452,457
452,464
452,477
452,493
452,544
452,553
452,564
452,573
452,576
452,582
452,594
452,599
452,606
452,669
452,686
452,711
452,725
453,80
455,6
455,441
457,5
457,6
457,42
457,74
457,111
457,122
457,126
457,147
457,232
457,242
457,276
457,316
457,325
457,341
457,425
457,429
457,452
457,464
457,477
457,544
457,553
457,564
457,573
457,576
457,594
457,599
457,606
457,665
457,686
457,711
457,725
459,1
459,11
459,56
459,66
459,90
459,193
459,212
459,289
459,318
459,319
459,321
459,328
459,430
459,481
459,503
459,509
459,511
459,514
459,520
459,629
459,630
459,689
459,696
460,75
460,94
460,95
460,117
460,119
460,152
460,179
460,185
460,204
460,243
460,263
460,283
460,327
460,345
460,377
460,409
460,414
460,443
460,462
460,463
460,478
460,535
460,557
460,561
460,574
460,591
460,617
460,644
460,648
460,651
460,654
460,684
460,692
460,705
460,714
460,728
460,735
461,91
461,138
461,171
461,176
461,262
461,269
461,277
461,379
461,382
461,383
461,391
461,411
461,447
461,448
461,500
461,502
461,504
461,507
461,548
461,595
461,603
461,612
461,650
461,731
462,75
462,95
462,117
462,119
462,158
462,179
462,185
462,263
462,283
462,327
462,345
462,377
462,409
462,443
462,460
462,463
462,478
462,535
462,551
462,557
462,561
462,574
462,591
462,617
462,644
462,651
462,684
462,692
462,705
462,728
462,735
463,94
463,95
463,117
463,179
463,185
463,243
463,263
463,283
463,327
463,345
463,377
463,409
463,443
463,460
463,462
463,478
463,499
463,527
463,535
463,557
463,561
463,574
463,591
463,617
463,621
463,644
463,651
463,654
463,684
463,692
463,705
463,728
464,5
464,42
464,74
464,111
464,114
464,122
464,123
464,126
464,147
464,232
464,242
464,276
464,316
464,325
464,334
464,341
464,349
464,350
464,421
464,425
464,429
464,452
464,457
464,477
464,493
464,544
464,553
464,564
464,573
464,576
464,582
464,594
464,599
464,606
464,613
464,657
464,686
464,711
464,725
465,44
465,61
465,473
465,486
465,523
465,693
465,729
466,134
466,188
466,240
466,258
466,424
466,467
466,622
466,646
466,730
466,734
467,134
467,188
467,240
467,258
467,394
467,395
467,424
467,466
467,622
467,646
467,730
467,734
468,127
468,152
468,158
468,436
468,638
469,189
469,243
469,245
469,381
469,443
469,499
469,527
469,560
469,654
469,672
470,102
470,106
470,336
470,413
470,420
470,542
470,550
470,562
470,656
470,709
470,710
471,35
471,211
471,286
471,314
472,0
472,196
472,201
472,202
472,219
472,238
472,239
472,295
472,303
472,352
472,598
472,604
472,625
472,647
472,715
473,44
473,61
473,70
473,96
473,153
473,217
473,465
473,486
473,523
473,579
473,611
473,693
473,700
473,729
474,60
474,148
474,162
474,293
474,323
474,494
474,635
474,676
475,2
475,8
475,37
475,77
475,98
475,99
475,131
475,135
475,150
475,164
475,172
475,191
475,197
475,216
475,248
475,286
475,314
475,330
475,361
475,445
475,450
475,485
475,556
475,571
475,600
475,626
475,666
475,670
475,680
475,733
476,255
476,313
476,331
476,346
476,367
476,369
476,649
477,5
477,42
477,74
477,111
477,114
477,122
477,126
477,147
477,232
477,242
477,276
477,325
477,334
477,341
477,349
477,350
477,421
477,425
477,429
477,452
477,457
477,464
477,493
477,544
477,553
477,564
477,573
477,576
477,582
477,594
477,599
477,606
477,613
477,686
477,711
477,725
478,94
478,95
478,117
478,179
478,185
478,243
478,263
478,283
478,327
478,345
478,443
478,460
478,462
478,463
478,527
478,535
478,561
478,574
478,591
478,644
478,651
478,684
478,692
478,705
479,40
479,57
479,146
479,183
479,213
479,241
479,260
479,271
479,306
479,308
479,315
479,364
479,372
479,400
479,422
479,438
479,484
479,505
479,512
479,528
479,668
479,674
479,718
480,97
480,98
480,160
480,196
480,198
480,200
480,291
480,293
480,303
480,352
480,494
480,600
480,647
480,676
480,699
480,715
481,11
481,56
481,66
481,193
481,212
481,289
481,318
481,319
481,321
481,459
481,503
481,509
481,511
481,514
481,520
481,689
481,696
482,9
482,75
482,107
482,189
482,203
482,204
482,224
482,236
482,409
482,492
482,581
482,617
482,621
482,648
482,728
483,36
483,77
483,83
483,87
483,99
483,150
483,172
483,177
483,216
483,418
483,437
483,733
484,92
484,104
484,183
484,251
484,260
484,306
484,315
484,364
484,372
484,479
484,505
484,528
484,570
484,674
484,718
485,2
485,8
485,37
485,77
485,83
485,98
485,99
485,131
485,135
485,150
485,164
485,191
485,197
485,198
485,216
485,248
485,286
485,287
485,330
485,361
485,445
485,450
485,475
485,571
485,600
485,626
485,666
485,680
485,699
485,733
486,44
486,96
486,465
486,473
486,523
486,611
486,729
487,48
487,55
487,69
487,115
487,142
487,156
487,159
487,208
487,257
487,259
487,428
487,526
487,536
487,540
487,546
487,577
487,580
487,671
487,682
487,683
488,329
488,610
490,112
490,118
490,399
490,498
490,578
490,637
490,658
490,694
491,72
491,393
491,432
491,601
492,9
492,75
492,107
492,189
492,203
492,204
492,224
492,236
492,409
492,482
492,581
492,617
492,621
492,648
492,728
493,5
493,41
493,42
493,49
493,111
493,126
493,232
493,242
493,276
493,325
493,334
493,341
493,349
493,350
493,390
493,401
493,425
493,452
493,464
493,477
493,544
493,553
493,564
493,573
493,576
493,582
493,599
493,606
493,613
493,686
493,711
493,725
494,97
494,148
494,200
494,293
494,474
494,480
494,676
495,206
495,294
495,309
495,312
495,351
495,358
495,497
495,516
495,522
495,602
495,624
495,627
495,690
495,695
495,722
495,724
496,63
496,82
496,105
496,362
496,363
496,368
496,403
496,404
496,427
497,206
497,294
497,309
497,312
497,351
497,358
497,495
497,516
497,522
497,602
497,624
497,627
497,690
497,695
497,722
497,724
498,112
498,118
498,256
498,490
498,539
498,578
498,636
498,637
498,659
498,702
499,94
499,95
499,185
499,203
499,243
499,245
499,327
499,463
499,469
499,527
499,621
499,672
500,85
500,88
500,91
500,171
500,176
500,244
500,254
500,262
500,269
500,277
500,379
500,382
500,383
500,391
500,408
500,411
500,435
500,447
500,448
500,461
500,501
500,502
500,504
500,507
500,534
500,548
500,595
500,596
500,603
500,612
500,614
500,650
500,673
500,731
501,85
501,88
501,171
501,176
501,254
501,262
501,269
501,277
501,382
501,385
501,408
501,435
501,447
501,448
501,500
501,502
501,504
501,507
501,534
501,548
501,595
501,596
501,603
501,612
501,614
501,650
501,673
501,712
501,731
502,65
502,91
502,171
502,176
502,244
502,254
502,262
502,269
502,277
502,379
502,382
502,383
502,391
502,435
502,447
502,448
502,461
502,500
502,501
502,504
502,507
502,548
502,595
502,596
502,603
502,612
502,614
502,650
503,11
503,56
503,66
503,193
503,212
503,318
503,319
503,321
503,328
503,459
503,481
503,509
503,511
503,514
503,519
503,520
503,630
503,689
503,696
504,85
504,88
504,91
504,171
504,176
504,244
504,254
504,262
504,269
504,277
504,379
504,382
504,383
504,391
504,408
504,435
504,447
504,448
504,461
504,500
504,501
504,502
504,507
504,534
504,548
504,595
504,596
504,603
504,612
504,614
504,650
504,673
504,731
505,104
505,183
505,251
505,260
505,315
505,364
505,372
505,479
505,484
505,528
505,674
505,718
506,439
507,85
507,88
507,91
507,171
507,176
507,244
507,254
507,262
507,269
507,277
507,379
507,382
507,383
507,391
507,408
507,435
507,447
507,448
507,461
507,500
507,501
507,502
507,504
507,534
507,548
507,595
507,596
507,603
507,612
507,614
507,650
507,673
508,86
508,139
508,195
508,304
508,340
508,366
508,410
508,426
508,583
509,1
509,11
509,56
509,66
509,90
509,193
509,212
509,273
509,280
509,289
509,318
509,319
509,328
509,430
509,459
509,481
509,503
509,511
509,514
509,520
509,629
509,630
509,689
509,696
510,168
510,252
510,268
510,307
510,415
510,679
510,697
511,1
511,11
511,56
511,66
511,90
511,93
511,193
511,212
511,280
511,289
511,318
511,319
511,321
511,328
511,430
511,459
511,481
511,503
511,509
511,514
511,520
511,629
511,630
511,631
511,689
511,696
512,33
512,40
512,57
512,146
512,182
512,241
512,271
512,308
512,400
512,479
512,605
512,668
514,11
514,56
514,66
514,193
514,212
514,318
514,319
514,321
514,328
514,459
514,481
514,503
514,509
514,511
514,520
514,630
514,689
514,696
515,63
515,73
515,82
515,132
515,285
515,317
515,347
515,360
515,368
515,380
515,402
515,403
515,404
515,427
515,640
515,652
515,727
516,206
516,294
516,312
516,351
516,495
516,497
516,521
516,522
516,602
516,624
516,627
516,690
516,695
516,722
517,86
517,195
517,278
517,340
517,678
518,386
519,192
519,318
519,321
519,503
520,1
520,11
520,56
520,66
520,90
520,193
520,212
520,318
520,319
520,321
520,328
520,459
520,481
520,503
520,509
520,511
520,514
520,629
520,630
520,689
520,696
521,176
521,277
521,351
521,391
521,516
522,206
522,294
522,309
522,312
522,351
522,358
522,495
522,497
522,516
522,602
522,624
522,627
522,690
522,695
522,722
522,724
523,44
523,61
523,70
523,153
523,217
523,465
523,473
523,486
523,579
523,611
523,693
523,700
523,729
525,13
525,15
525,19
525,21
525,22
525,23
525,25
525,26
525,28
525,30
525,31
525,32
525,53
525,297
525,298
525,299
526,48
526,55
526,69
526,115
526,142
526,156
526,159
526,208
526,257
526,259
526,428
526,487
526,536
526,540
526,546
526,577
526,580
526,671
526,682
526,683
527,94
527,185
527,243
527,245
527,443
527,463
527,469
527,478
527,499
527,560
527,591
527,672
528,104
528,183
528,251
528,260
528,315
528,364
528,372
528,479
528,484
528,505
528,674
528,718
529,63
529,73
529,78
529,79
529,80
529,81
529,132
529,285
529,296
529,317
529,359
529,360
529,368
529,370
529,380
529,427
529,442
529,615
529,640
529,643
529,652
532,446
532,675
533,170
533,416
533,441
533,665
534,85
534,88
534,171
534,254
534,262
534,264
534,269
534,382
534,385
534,408
534,435
534,447
534,448
534,500
534,501
534,504
534,507
534,548
534,595
534,596
534,612
534,614
534,650
534,673
534,712
534,731
535,75
535,94
535,95
535,117
535,119
535,179
535,185
535,243
535,263
535,283
535,327
535,345
535,377
535,409
535,443
535,460
535,462
535,463
535,478
535,557
535,561
535,574
535,591
535,617
535,621
535,644
535,651
535,654
535,684
535,692
535,705
535,728
536,48
536,55
536,69
536,115
536,142
536,156
536,159
536,208
536,257
536,259
536,428
536,487
536,526
536,540
536,546
536,577
536,580
536,671
536,682
536,683
537,125
537,233
537,275
537,339
537,609
537,632
537,634
537,659
538,146
538,668
539,112
539,118
539,256
539,498
539,636
539,637
539,659
539,702
540,48
540,55
540,69
540,115
540,142
540,156
540,159
540,208
540,257
540,259
540,428
540,487
540,526
540,536
540,546
540,577
540,580
540,671
540,682
540,683
542,434
542,470
542,550
542,710
543,335
544,5
544,42
544,74
544,111
544,114
544,122
544,123
544,126
544,147
544,232
544,242
544,276
544,316
544,325
544,334
544,341
544,349
544,350
544,421
544,425
544,429
544,452
544,457
544,464
544,477
544,493
544,553
544,564
544,573
544,576
544,582
544,594
544,599
544,606
544,613
544,686
544,711
544,725
545,24
545,109
546,48
546,55
546,69
546,115
546,142
546,156
546,159
546,208
546,257
546,259
546,428
546,487
546,526
546,536
546,540
546,577
546,580
546,671
546,682
546,683
547,12
547,50
547,52
547,108
547,124
547,323
547,326
547,376
547,565
547,575
548,85
548,88
548,91
548,171
548,176
548,244
548,254
548,262
548,269
548,277
548,379
548,382
548,383
548,391
548,408
548,411
548,435
548,447
548,448
548,461
548,500
548,501
548,502
548,504
548,507
548,534
548,595
548,596
548,603
548,612
548,614
548,650
548,673
548,731
549,62
549,106
549,420
549,434
549,656
550,102
550,106
550,336
550,413
550,420
550,434
550,470
550,542
550,709
550,710
551,117
551,119
551,158
551,283
551,364
551,372
551,377
551,438
551,462
551,557
551,718
551,728
551,735
552,43
552,221
552,252
552,268
552,307
552,357
552,373
552,405
552,415
552,433
552,449
552,563
552,628
553,5
553,42
553,74
553,111
553,114
553,122
553,123
553,126
553,147
553,155
553,218
553,232
553,242
553,276
553,316
553,325
553,341
553,350
553,421
553,425
553,429
553,452
553,457
553,464
553,477
553,493
553,544
553,564
553,573
553,576
553,594
553,599
553,606
553,669
553,686
553,711
553,725
554,109
555,137
555,155
555,396
555,419
556,2
556,39
556,100
556,191
556,205
556,211
556,248
556,286
556,314
556,361
556,445
556,475
556,571
556,670
556,680
557,75
557,95
557,117
557,119
557,158
557,179
557,185
557,263
557,283
557,327
557,345
557,364
557,377
557,409
557,438
557,460
557,462
557,463
557,535
557,551
557,561
557,574
557,591
557,617
557,644
557,684
557,692
557,705
557,728
557,735
558,140
558,199
558,633
559,153
559,217
559,579
559,700
560,189
560,245
560,381
560,414
560,443
560,469
560,527
560,561
560,654
560,664
561,94
561,95
561,117
561,119
561,141
561,179
561,185
561,243
561,263
561,283
561,327
561,345
561,377
561,381
561,409
561,414
561,443
561,460
561,462
561,463
561,478
561,535
561,557
561,560
561,574
561,591
561,617
561,644
561,651
561,654
561,684
561,692
561,705
561,714
561,728
561,732
562,106
562,384
562,413
562,470
562,567
562,656
562,660
562,709
562,710
563,373
563,415
563,449
563,552
563,628
564,5
564,42
564,74
564,111
564,114
564,122
564,126
564,147
564,155
564,218
564,229
564,232
564,242
564,276
564,316
564,325
564,341
564,350
564,421
564,425
564,429
564,452
564,457
564,464
564,477
564,493
564,544
564,553
564,573
564,576
564,594
564,599
564,606
564,669
564,686
564,711
564,725
565,12
565,50
565,52
565,108
565,124
565,323
565,326
565,376
565,547
565,575
566,109
566,113
566,587
566,688
566,698
566,717
566,726
567,106
567,562
569,227
570,92
570,104
570,183
570,251
570,260
570,279
570,302
570,306
570,389
570,484
571,2
571,35
571,36
571,99
571,100
571,131
571,135
571,150
571,164
571,177
571,191
571,211
571,216
571,248
571,286
571,314
571,330
571,361
571,445
571,475
571,485
571,556
571,670
571,680
573,5
573,42
573,74
573,111
573,114
573,122
573,123
573,126
573,147
573,232
573,242
573,276
573,316
573,325
573,334
573,341
573,349
573,350
573,421
573,425
573,429
573,452
573,457
573,464
573,477
573,493
573,544
573,553
573,564
573,576
573,582
573,594
573,599
573,606
573,613
573,657
573,686
573,711
573,725
574,94
574,95
574,117
574,179
574,185
574,243
574,263
574,283
574,327
574,345
574,377
574,381
574,409
574,414
574,443
574,460
574,462
574,463
574,478
574,535
574,557
574,561
574,591
574,617
574,644
574,651
574,654
574,684
574,692
574,705
574,714
574,728
574,732
575,50
575,103
575,343
575,375
575,376
575,388
575,547
575,565
575,618
576,5
576,42
576,74
576,111
576,114
576,122
576,126
576,147
576,155
576,218
576,232
576,242
576,276
576,316
576,325
576,334
576,341
576,349
576,350
576,421
576,425
576,429
576,452
576,457
576,464
576,477
576,493
576,544
576,553
576,564
576,573
576,582
576,594
576,599
576,606
576,669
576,686
576,711
576,725
577,48
577,55
577,69
577,115
577,142
577,156
577,159
577,208
577,257
577,259
577,428
577,487
577,526
577,536
577,540
577,546
577,580
577,671
577,682
577,683
578,112
578,261
578,490
578,498
578,658
578,694
579,44
579,61
579,70
579,96
579,153
579,217
579,473
579,523
579,559
579,611
579,700
580,48
580,55
580,69
580,115
580,142
580,156
580,159
580,208
580,257
580,259
580,428
580,487
580,526
580,536
580,540
580,546
580,577
580,671
580,682
580,683
581,9
581,75
581,107
581,203
581,204
581,224
581,236
581,409
581,482
581,492
581,617
581,621
581,648
581,728
582,5
582,41
582,42
582,49
582,114
582,126
582,232
582,242
582,276
582,325
582,334
582,341
582,349
582,350
582,390
582,401
582,425
582,429
582,452
582,464
582,477
582,493
582,544
582,573
582,576
582,599
582,606
582,613
582,686
582,711
582,725
583,86
583,139
583,195
583,304
583,311
583,340
583,366
583,410
583,426
583,508
586,137
586,157
586,165
586,207
586,344
586,374
586,406
586,419
586,619
586,639
587,566
587,688
587,698
588,145
588,279
588,302
588,389
588,589
589,145
589,279
589,302
589,389
589,588
591,94
591,95
591,117
591,119
591,179
591,185
591,243
591,263
591,283
591,327
591,345
591,377
591,381
591,409
591,443
591,460
591,462
591,463
591,478
591,527
591,535
591,557
591,561
591,574
591,617
591,621
591,644
591,651
591,654
591,684
591,692
591,705
591,728
592,141
592,414
592,704
592,714
592,732
593,46
593,90
593,93
593,210
593,229
593,237
593,272
593,273
593,280
593,288
593,289
593,322
593,430
593,597
593,620
593,629
593,630
593,631
593,641
593,642
593,687
594,1
594,5
594,42
594,74
594,111
594,114
594,122
594,126
594,147
594,155
594,218
594,229
594,242
594,276
594,316
594,325
594,341
594,350
594,396
594,421
594,429
594,452
594,457
594,464
594,477
594,544
594,553
594,564
594,573
594,576
594,599
594,606
594,669
594,686
594,711
594,725
595,85
595,88
595,91
595,171
595,176
595,254
595,262
595,269
595,277
595,379
595,382
595,383
595,391
595,408
595,411
595,435
595,447
595,448
595,461
595,500
595,501
595,502
595,504
595,507
595,534
595,548
595,596
595,603
595,612
595,614
595,650
595,673
595,731
596,85
596,88
596,171
596,176
596,244
596,254
596,262
596,269
596,277
596,379
596,382
596,383
596,391
596,408
596,435
596,447
596,448
596,500
596,501
596,502
596,504
596,507
596,534
596,548
596,595
596,603
596,612
596,614
596,650
596,673
596,731
597,46
597,210
597,237
597,272
597,273
597,322
597,593
597,620
597,641
597,642
597,687
598,0
598,51
598,196
598,200
598,201
598,202
598,238
598,239
598,290
598,291
598,303
598,352
598,472
598,604
598,608
598,625
598,647
598,715
599,5
599,42
599,74
599,111
599,114
599,122
599,123
599,126
599,147
599,155
599,218
599,232
599,242
599,276
599,316
599,325
599,334
599,341
599,349
599,350
599,421
599,425
599,429
599,452
599,457
599,464
599,477
599,493
599,544
599,553
599,564
599,573
599,576
599,582
599,594
599,606
599,669
599,686
599,711
599,725
600,8
600,37
600,77
600,98
600,99
600,135
600,148
600,160
600,164
600,197
600,198
600,287
600,291
600,293
600,330
600,450
600,475
600,480
600,485
600,626
600,666
600,676
600,699
600,715
601,432
601,491
602,206
602,294
602,309
602,312
602,351
602,358
602,432
602,495
602,497
602,516
602,522
602,624
602,627
602,690
602,695
602,722
602,724
603,65
603,88
603,91
603,171
603,176
603,244
603,254
603,262
603,269
603,277
603,379
603,382
603,383
603,391
603,411
603,435
603,447
603,448
603,461
603,500
603,501
603,502
603,504
603,507
603,548
603,595
603,596
603,612
603,614
603,650
603,731
604,0
604,202
604,219
604,239
604,295
604,303
604,472
604,598
604,625
605,33
605,40
605,57
605,146
605,181
605,182
605,241
605,271
605,306
605,308
605,400
605,512
605,668
606,5
606,42
606,74
606,111
606,114
606,122
606,126
606,147
606,155
606,218
606,232
606,242
606,276
606,316
606,325
606,334
606,341
606,349
606,350
606,421
606,425
606,429
606,452
606,457
606,464
606,477
606,493
606,544
606,553
606,564
606,573
606,576
606,582
606,594
606,599
606,669
606,686
606,711
606,725
607,10
607,190
607,240
607,266
607,320
607,392
607,394
607,395
607,723
608,0
608,51
608,196
608,201
608,238
608,290
608,598
608,625
609,87
609,274
609,275
609,339
609,437
609,537
610,329
610,488
611,44
611,61
611,96
611,153
611,473
611,486
611,523
611,579
611,700
611,729
612,88
612,91
612,138
612,171
612,176
612,244
612,254
612,262
612,269
612,277
612,379
612,382
612,383
612,391
612,411
612,435
612,447
612,448
612,461
612,500
612,501
612,502
612,504
612,507
612,534
612,548
612,595
612,596
612,603
612,614
612,650
612,731
613,5
613,41
613,49
613,232
613,325
613,334
613,349
613,390
613,401
613,425
613,464
613,477
613,493
613,544
613,573
613,582
613,711
614,85
614,88
614,171
614,176
614,244
614,254
614,262
614,269
614,277
614,382
614,383
614,408
614,435
614,447
614,448
614,500
614,501
614,502
614,504
614,507
614,534
614,548
614,595
614,596
614,603
614,612
614,650
614,673
615,63
615,73
615,78
615,79
615,80
615,81
615,82
615,132
615,285
615,296
615,317
615,359
615,360
615,368
615,370
615,427
615,442
615,529
615,640
615,643
615,652
616,12
616,47
616,60
616,108
616,162
616,323
616,326
616,635
617,9
617,75
617,94
617,95
617,107
617,117
617,152
617,179
617,185
617,189
617,203
617,204
617,224
617,236
617,243
617,263
617,283
617,327
617,377
617,409
617,443
617,460
617,462
617,463
617,482
617,492
617,535
617,557
617,561
617,574
617,581
617,591
617,621
617,644
617,648
617,684
617,692
617,705
617,728
617,735
618,103
618,343
618,375
618,376
618,388
618,575
618,619
619,103
619,144
619,157
619,165
619,343
619,344
619,374
619,375
619,388
619,419
619,586
619,618
619,639
620,1
620,46
620,90
620,93
620,210
620,229
620,237
620,272
620,273
620,280
620,288
620,289
620,322
620,328
620,430
620,593
620,597
620,629
620,630
620,631
620,641
620,642
620,687
621,9
621,75
621,94
621,95
621,107
621,185
621,189
621,203
621,204
621,224
621,236
621,243
621,263
621,283
621,327
621,409
621,463
621,482
621,492
621,499
621,535
621,581
621,591
621,617
621,648
621,684
621,692
621,705
621,728
621,735
622,134
622,190
622,240
622,266
622,320
622,392
622,394
622,395
622,424
622,466
622,467
622,646
622,723
622,734
623,721
624,206
624,294
624,309
624,312
624,351
624,358
624,495
624,497
624,516
624,522
624,602
624,627
624,690
624,695
624,722
624,724
625,0
625,51
625,196
625,201
625,202
625,238
625,239
625,290
625,291
625,303
625,352
625,472
625,598
625,604
625,608
625,647
625,715
626,2
626,8
626,37
626,77
626,83
626,97
626,98
626,99
626,135
626,148
626,150
626,164
626,191
626,197
626,198
626,216
626,248
626,287
626,293
626,330
626,361
626,445
626,450
626,475
626,485
626,600
626,666
626,699
627,206
627,292
627,294
627,309
627,312
627,324
627,351
627,358
627,495
627,497
627,516
627,522
627,602
627,624
627,690
627,722
627,724
628,43
628,357
628,373
628,405
628,415
628,433
628,449
628,552
628,563
629,1
629,11
629,46
629,56
629,90
629,93
629,193
629,210
629,212
629,229
629,237
629,272
629,273
629,280
629,288
629,289
629,322
629,328
629,430
629,459
629,509
629,511
629,520
629,593
629,620
629,630
629,631
629,641
629,642
629,687
629,689
629,696
630,1
630,11
630,46
630,56
630,90
630,93
630,193
630,210
630,212
630,237
630,272
630,273
630,280
630,289
630,318
630,321
630,322
630,328
630,430
630,459
630,503
630,509
630,511
630,514
630,520
630,593
630,620
630,629
630,631
630,641
630,642
630,687
630,696
631,11
631,46
631,56
631,90
631,93
631,193
631,210
631,212
631,237
631,272
631,273
631,280
631,289
631,322
631,328
631,430
631,511
631,593
631,620
631,629
631,630
631,641
631,642
631,687
631,696
632,125
632,233
632,275
632,537
633,125
633,558
634,125
634,225
634,233
634,275
634,339
634,537
634,659
635,12
635,47
635,60
635,108
635,148
635,162
635,323
635,326
635,474
635,616
635,701
636,112
636,118
636,256
636,498
636,539
636,637
636,659
636,702
637,112
637,118
637,256
637,490
637,498
637,539
637,636
637,659
637,702
638,127
638,468
639,137
639,157
639,165
639,207
639,344
639,374
639,419
639,586
639,619
640,63
640,73
640,78
640,79
640,80
640,81
640,82
640,132
640,285
640,296
640,317
640,359
640,360
640,368
640,370
640,427
640,442
640,515
640,529
640,615
640,643
640,652
641,46
641,90
641,93
641,210
641,237
641,272
641,273
641,280
641,288
641,289
641,322
641,328
641,430
641,593
641,597
641,620
641,629
641,630
641,631
641,642
641,687
642,46
642,90
642,93
642,210
642,237
642,272
642,273
642,280
642,288
642,289
642,322
642,328
642,430
642,593
642,597
642,620
642,629
642,630
642,631
642,641
642,687
643,63
643,73
643,78
643,79
643,80
643,81
643,132
643,285
643,296
643,317
643,359
643,360
643,368
643,370
643,427
643,442
643,529
643,615
643,640
643,652
644,94
644,95
644,117
644,119
644,179
644,185
644,243
644,263
644,283
644,327
644,345
644,377
644,409
644,443
644,460
644,462
644,463
644,478
644,535
644,557
644,561
644,574
644,591
644,617
644,651
644,654
644,684
644,692
644,705
644,728
646,134
646,188
646,240
646,246
646,258
646,395
646,424
646,466
646,467
646,622
646,734
647,0
647,51
647,196
647,201
647,202
647,238
647,239
647,290
647,291
647,303
647,352
647,472
647,480
647,598
647,625
647,715
648,9
648,75
648,95
648,107
648,189
648,203
648,204
648,224
648,236
648,327
648,377
648,409
648,460
648,482
648,492
648,581
648,617
648,621
648,684
648,705
648,728
648,735
649,313
649,331
649,346
649,348
649,367
649,369
649,402
649,404
649,476
650,88
650,91
650,171
650,176
650,244
650,254
650,262
650,269
650,277
650,379
650,382
650,383
650,391
650,411
650,435
650,447
650,448
650,461
650,500
650,501
650,502
650,504
650,507
650,534
650,548
650,595
650,596
650,603
650,612
650,614
650,673
650,731
651,95
651,179
651,185
651,263
651,345
651,460
651,462
651,463
651,478
651,535
651,561
651,574
651,591
651,644
652,63
652,73
652,78
652,79
652,80
652,81
652,82
652,132
652,285
652,296
652,317
652,359
652,360
652,368
652,370
652,427
652,442
652,515
652,529
652,615
652,640
652,643
653,24
653,431
653,726
654,95
654,141
654,179
654,189
654,243
654,327
654,345
654,381
654,414
654,443
654,460
654,463
654,469
654,535
654,560
654,561
654,574
654,591
654,644
654,664
654,684
654,714
654,732
655,412
656,102
656,106
656,336
656,413
656,420
656,434
656,470
656,549
656,562
656,709
656,710
657,114
657,137
657,180
657,207
657,349
657,406
657,425
657,429
657,464
657,573
658,261
658,490
658,578
658,694
659,112
659,118
659,256
659,498
659,537
659,539
659,634
659,636
659,637
660,562
661,265
661,704
662,234
662,426
664,189
664,345
664,381
664,414
664,443
664,560
664,654
664,714
664,732
665,6
665,38
665,441
665,457
665,533
666,2
666,8
666,37
666,77
666,83
666,98
666,99
666,135
666,148
666,150
666,164
666,191
666,197
666,198
666,216
666,287
666,330
666,361
666,450
666,475
666,485
666,600
666,626
666,699
666,733
667,127
667,128
667,247
668,40
668,57
668,146
668,213
668,241
668,271
668,306
668,308
668,400
668,422
668,438
668,479
668,512
668,538
668,605
669,1
669,42
669,74
669,111
669,122
669,126
669,147
669,155
669,218
669,229
669,242
669,276
669,316
669,325
669,341
669,350
669,396
669,421
669,429
669,452
669,553
669,564
669,576
669,594
669,599
669,606
669,686
669,711
669,725
670,2
670,39
670,76
670,100
670,131
670,191
670,205
670,211
670,248
670,286
670,314
670,361
670,445
670,475
670,556
670,571
670,680
671,48
671,55
671,69
671,115
671,142
671,156
671,159
671,208
671,257
671,259
671,428
671,487
671,526
671,536
671,540
671,546
671,577
671,580
671,682
671,683
672,245
672,469
672,499
672,527
673,85
673,88
673,171
673,254
673,262
673,269
673,382
673,385
673,408
673,411
673,435
673,448
673,500
673,501
673,504
673,507
673,534
673,548
673,595
673,596
673,614
673,650
673,731
674,104
674,183
674,251
674,260
674,315
674,364
674,372
674,479
674,484
674,505
674,528
674,718
675,446
675,532
676,148
676,160
676,198
676,293
676,474
676,480
676,494
676,600
677,706
678,105
678,517
679,168
679,268
679,307
679,510
679,697
680,2
680,99
680,131
680,135
680,164
680,177
680,191
680,216
680,248
680,286
680,314
680,330
680,361
680,445
680,475
680,485
680,556
680,571
680,670
682,48
682,55
682,69
682,115
682,142
682,156
682,159
682,208
682,257
682,259
682,428
682,487
682,526
682,536
682,540
682,546
682,577
682,580
682,671
682,683
683,48
683,55
683,69
683,115
683,142
683,156
683,159
683,208
683,257
683,259
683,428
683,487
683,526
683,536
683,540
683,546
683,577
683,580
683,671
683,682
684,75
684,94
684,95
684,117
684,119
684,152
684,179
684,185
684,204
684,243
684,263
684,283
684,327
684,345
684,377
684,409
684,443
684,460
684,462
684,463
684,478
684,535
684,557
684,561
684,574
684,591
684,617
684,621
684,644
684,648
684,654
684,692
684,705
684,728
684,735
686,5
686,42
686,74
686,111
686,114
686,122
686,123
686,126
686,147
686,155
686,218
686,232
686,242
686,276
686,316
686,325
686,334
686,341
686,349
686,350
686,421
686,425
686,429
686,452
686,457
686,464
686,477
686,493
686,544
686,553
686,564
686,573
686,576
686,582
686,594
686,599
686,606
686,669
686,711
686,725
687,46
687,90
687,93
687,210
687,237
687,272
687,273
687,280
687,289
687,322
687,430
687,593
687,597
687,620
687,629
687,630
687,631
687,641
687,642
687,696
688,566
688,587
688,713
688,726
689,1
689,11
689,56
689,66
689,90
689,193
689,212
689,289
689,318
689,319
689,328
689,459
689,481
689,503
689,509
689,511
689,514
689,520
689,629
689,696
690,206
690,292
690,294
690,309
690,312
690,324
690,351
690,358
690,495
690,497
690,516
690,522
690,602
690,624
690,627
690,695
690,722
690,724
691,252
691,444
692,75
692,94
692,95
692,117
692,119
692,179
692,185
692,204
692,243
692,263
692,283
692,327
692,377
692,409
692,460
692,462
692,463
692,478
692,535
692,557
692,561
692,574
692,591
692,617
692,621
692,644
692,684
692,705
692,728
692,735
693,44
693,61
693,465
693,473
693,523
693,729
694,261
694,490
694,578
694,658
695,206
695,294
695,312
695,495
695,497
695,516
695,522
695,602
695,624
695,690
696,1
696,11
696,56
696,66
696,90
696,93
696,193
696,212
696,280
696,289
696,318
696,319
696,321
696,322
696,328
696,430
696,459
696,481
696,503
696,509
696,511
696,514
696,520
696,629
696,630
696,631
696,687
696,689
697,168
697,252
697,268
697,415
697,510
697,679
698,113
698,566
698,587
698,717
699,8
699,37
699,77
699,98
699,99
699,148
699,160
699,197
699,198
699,274
699,293
699,450
699,480
699,485
699,600
699,626
699,666
700,44
700,96
700,153
700,217
700,473
700,523
700,559
700,579
700,611
701,47
701,108
701,323
701,635
702,84
702,118
702,250
702,256
702,498
702,539
702,636
702,637
703,40
703,92
703,145
703,181
703,271
703,279
703,302
703,306
704,265
704,592
704,661
704,716
705,75
705,94
705,95
705,117
705,119
705,179
705,185
705,204
705,243
705,263
705,283
705,327
705,377
705,409
705,443
705,460
705,462
705,463
705,478
705,535
705,557
705,561
705,574
705,591
705,617
705,621
705,644
705,648
705,684
705,692
705,728
705,735
706,169
706,677
707,16
707,133
707,222
707,378
707,720
709,102
709,106
709,336
709,413
709,420
709,470
709,550
709,562
709,656
709,710
710,102
710,106
710,336
710,413
710,420
710,434
710,470
710,542
710,550
710,562
710,656
710,709
711,5
711,42
711,74
711,111
711,114
711,122
711,123
711,126
711,147
711,232
711,242
711,276
711,316
711,325
711,334
711,341
711,349
711,350
711,421
711,425
711,429
711,452
711,457
711,464
711,477
711,493
711,544
711,553
711,564
711,573
711,576
711,582
711,594
711,599
711,606
711,613
711,669
711,686
711,725
712,7
712,67
712,264
712,408
712,501
712,534
713,688
713,726
714,141
714,179
714,345
714,381
714,414
714,443
714,460
714,561
714,574
714,592
714,654
714,664
714,732
715,0
715,196
715,198
715,200
715,201
715,202
715,238
715,239
715,291
715,293
715,303
715,352
715,472
715,480
715,598
715,600
715,625
715,647
716,704
717,113
717,342
717,566
717,698
718,183
718,251
718,260
718,315
718,364
718,372
718,438
718,479
718,484
718,505
718,528
718,551
718,674
719,230
719,439
720,16
720,300
720,707
721,245
721,623
722,206
722,309
722,351
722,358
722,495
722,497
722,516
722,522
722,602
722,624
722,627
722,690
722,724
723,10
723,240
723,320
723,392
723,395
723,424
723,607
723,622
724,206
724,292
724,309
724,312
724,324
724,351
724,358
724,495
724,497
724,522
724,602
724,624
724,627
724,690
724,722
725,5
725,42
725,74
725,111
725,114
725,122
725,123
725,126
725,147
725,155
725,218
725,232
725,242
725,276
725,316
725,325
725,341
725,349
725,350
725,421
725,425
725,429
725,452
725,457
725,464
725,477
725,493
725,544
725,553
725,564
725,573
725,576
725,582
725,594
725,599
725,606
725,669
725,686
725,711
726,109
726,305
726,566
726,653
726,688
726,713
727,255
727,313
727,331
727,347
727,348
727,367
727,369
727,380
727,402
727,515
728,75
728,95
728,107
728,117
728,119
728,152
728,179
728,185
728,204
728,224
728,236
728,263
728,283
728,327
728,345
728,364
728,377
728,409
728,460
728,462
728,463
728,482
728,492
728,535
728,551
728,557
728,561
728,574
728,581
728,591
728,617
728,621
728,644
728,648
728,684
728,692
728,705
728,735
729,44
729,61
729,465
729,473
729,486
729,523
729,611
729,693
730,246
730,258
730,466
730,467
730,734
731,85
731,88
731,91
731,171
731,176
731,254
731,262
731,269
731,277
731,379
731,382
731,383
731,411
731,435
731,448
731,461
731,500
731,501
731,504
731,534
731,548
731,595
731,596
731,603
731,612
731,650
731,673
732,141
732,179
732,345
732,381
732,414
732,443
732,561
732,574
732,592
732,654
732,664
732,714
733,8
733,36
733,37
733,77
733,83
733,98
733,99
733,150
733,164
733,177
733,197
733,216
733,287
733,330
733,450
733,475
733,483
733,485
733,666
734,134
734,190
734,240
734,258
734,266
734,320
734,392
734,394
734,395
734,424
734,466
734,467
734,622
734,646
734,730
735,75
735,95
735,117
735,119
735,204
735,224
735,263
735,283
735,327
735,377
735,409
735,460
735,462
735,551
735,557
735,617
735,621
735,648
735,684
735,692
735,705
735,728
